<?xml version="1.0" encoding="UTF-8"?>
<!-- Created with TexturePacker http://www.codeandweb.com/texturepacker-->
<!-- $TexturePacker:SmartUpdate:0a956f05337c885ce2ce1a5ec7cf3984:cc00c88e368a56cbdbb0392eae7bcea2:a110eaf7fafff5d7762d6f0658452364$ -->
<!--Format:
n  => name of the sprite
x  => sprite x pos in texture
y  => sprite y pos in texture
w  => sprite width (may be trimmed)
h  => sprite height (may be trimmed)
pX => x pos of the pivot point (relative to sprite width)
pY => y pos of the pivot point (relative to sprite height)
oX => sprite's x-corner offset (only available if trimmed)
oY => sprite's y-corner offset (only available if trimmed)
oW => sprite's original width (only available if trimmed)
oH => sprite's original height (only available if trimmed)
r => 'y' only set if sprite is rotated
with polygon mode enabled:
vertices   => points in sprite coordinate system (x0,y0,x1,y1,x2,y2, ...)
verticesUV => points in sheet coordinate system (x0,y0,x1,y1,x2,y2, ...)
triangles  => sprite triangulation, 3 vertex indices per triangle
-->
<TextureAtlas imagePath="Ninja_JumpThrow.png" width="1300" height="151">
    <sprite n="Jump_Throw__000.png" x="1" y="1" w="128" h="149" pX="0.5" pY="0.5"/>
    <sprite n="Jump_Throw__001.png" x="131" y="1" w="128" h="149" pX="0.5" pY="0.5"/>
    <sprite n="Jump_Throw__002.png" x="261" y="1" w="128" h="149" pX="0.5" pY="0.5"/>
    <sprite n="Jump_Throw__003.png" x="391" y="1" w="128" h="149" pX="0.5" pY="0.5"/>
    <sprite n="Jump_Throw__004.png" x="521" y="1" w="128" h="149" pX="0.5" pY="0.5"/>
    <sprite n="Jump_Throw__005.png" x="651" y="1" w="128" h="149" pX="0.5" pY="0.5"/>
    <sprite n="Jump_Throw__006.png" x="781" y="1" w="128" h="149" pX="0.5" pY="0.5"/>
    <sprite n="Jump_Throw__007.png" x="911" y="1" w="128" h="149" pX="0.5" pY="0.5"/>
    <sprite n="Jump_Throw__008.png" x="1041" y="1" w="128" h="149" pX="0.5" pY="0.5"/>
    <sprite n="Jump_Throw__009.png" x="1171" y="1" w="128" h="149" pX="0.5" pY="0.5"/>
</TextureAtlas>
