<?xml version="1.0" encoding="UTF-8"?>
<!-- Created with TexturePacker http://www.codeandweb.com/texturepacker-->
<!-- $TexturePacker:SmartUpdate:58a72b8c1d93d12a2fbeec828f8d3c3e:76d4db3ea45015fce487911a9a935084:ac7d5503dfafbdb8797a1c68f8c41545$ -->
<!--Format:
n  => name of the sprite
x  => sprite x pos in texture
y  => sprite y pos in texture
w  => sprite width (may be trimmed)
h  => sprite height (may be trimmed)
pX => x pos of the pivot point (relative to sprite width)
pY => y pos of the pivot point (relative to sprite height)
oX => sprite's x-corner offset (only available if trimmed)
oY => sprite's y-corner offset (only available if trimmed)
oW => sprite's original width (only available if trimmed)
oH => sprite's original height (only available if trimmed)
r => 'y' only set if sprite is rotated
with polygon mode enabled:
vertices   => points in sprite coordinate system (x0,y0,x1,y1,x2,y2, ...)
verticesUV => points in sheet coordinate system (x0,y0,x1,y1,x2,y2, ...)
triangles  => sprite triangulation, 3 vertex indices per triangle
-->
<TextureAtlas imagePath="Ninja_JumpAttack.png" width="1510" height="177">
    <sprite n="Jump_Attack__000.png" x="1" y="1" w="149" h="175" pX="0.5" pY="0.5"/>
    <sprite n="Jump_Attack__001.png" x="152" y="1" w="149" h="175" pX="0.5" pY="0.5"/>
    <sprite n="Jump_Attack__002.png" x="303" y="1" w="149" h="175" pX="0.5" pY="0.5"/>
    <sprite n="Jump_Attack__003.png" x="454" y="1" w="149" h="175" pX="0.5" pY="0.5"/>
    <sprite n="Jump_Attack__004.png" x="605" y="1" w="149" h="175" pX="0.5" pY="0.5"/>
    <sprite n="Jump_Attack__005.png" x="756" y="1" w="149" h="175" pX="0.5" pY="0.5"/>
    <sprite n="Jump_Attack__006.png" x="907" y="1" w="149" h="175" pX="0.5" pY="0.5"/>
    <sprite n="Jump_Attack__007.png" x="1058" y="1" w="149" h="175" pX="0.5" pY="0.5"/>
    <sprite n="Jump_Attack__008.png" x="1209" y="1" w="149" h="175" pX="0.5" pY="0.5"/>
    <sprite n="Jump_Attack__009.png" x="1360" y="1" w="149" h="175" pX="0.5" pY="0.5"/>
</TextureAtlas>
