<?xml version="1.0" encoding="UTF-8"?>
<!-- Created with TexturePacker http://www.codeandweb.com/texturepacker-->
<!-- $TexturePacker:SmartUpdate:a7baacc56b8b5951ebd6ec917fbc56bf:ad9b76ccdacc3815b761839f55ece40e:dcbc363db4ad4a578b9b591ff73f4f0a$ -->
<!--Format:
n  => name of the sprite
x  => sprite x pos in texture
y  => sprite y pos in texture
w  => sprite width (may be trimmed)
h  => sprite height (may be trimmed)
pX => x pos of the pivot point (relative to sprite width)
pY => y pos of the pivot point (relative to sprite height)
oX => sprite's x-corner offset (only available if trimmed)
oY => sprite's y-corner offset (only available if trimmed)
oW => sprite's original width (only available if trimmed)
oH => sprite's original height (only available if trimmed)
r => 'y' only set if sprite is rotated
with polygon mode enabled:
vertices   => points in sprite coordinate system (x0,y0,x1,y1,x2,y2, ...)
verticesUV => points in sheet coordinate system (x0,y0,x1,y1,x2,y2, ...)
triangles  => sprite triangulation, 3 vertex indices per triangle
-->
<TextureAtlas imagePath="Ninja_Glide.png" width="1540" height="144">
    <sprite n="Glide_000.png" x="1" y="1" w="152" h="142" pX="0.5" pY="0.5"/>
    <sprite n="Glide_001.png" x="155" y="1" w="152" h="142" pX="0.5" pY="0.5"/>
    <sprite n="Glide_002.png" x="309" y="1" w="152" h="142" pX="0.5" pY="0.5"/>
    <sprite n="Glide_003.png" x="463" y="1" w="152" h="142" pX="0.5" pY="0.5"/>
    <sprite n="Glide_004.png" x="617" y="1" w="152" h="142" pX="0.5" pY="0.5"/>
    <sprite n="Glide_005.png" x="771" y="1" w="152" h="142" pX="0.5" pY="0.5"/>
    <sprite n="Glide_006.png" x="925" y="1" w="152" h="142" pX="0.5" pY="0.5"/>
    <sprite n="Glide_007.png" x="1079" y="1" w="152" h="142" pX="0.5" pY="0.5"/>
    <sprite n="Glide_008.png" x="1233" y="1" w="152" h="142" pX="0.5" pY="0.5"/>
    <sprite n="Glide_009.png" x="1387" y="1" w="152" h="142" pX="0.5" pY="0.5"/>
</TextureAtlas>
