<?xml version="1.0" encoding="UTF-8"?>
<!-- Created with TexturePacker http://www.codeandweb.com/texturepacker-->
<!-- $TexturePacker:SmartUpdate:45f30bea49d9f44c9c4b67a5863514f4:7c89fa787de53681ea6b5eb76357d847:234c64d7609c448e82578c99fb1328a3$ -->
<!--Format:
n  => name of the sprite
x  => sprite x pos in texture
y  => sprite y pos in texture
w  => sprite width (may be trimmed)
h  => sprite height (may be trimmed)
pX => x pos of the pivot point (relative to sprite width)
pY => y pos of the pivot point (relative to sprite height)
oX => sprite's x-corner offset (only available if trimmed)
oY => sprite's y-corner offset (only available if trimmed)
oW => sprite's original width (only available if trimmed)
oH => sprite's original height (only available if trimmed)
r => 'y' only set if sprite is rotated
with polygon mode enabled:
vertices   => points in sprite coordinate system (x0,y0,x1,y1,x2,y2, ...)
verticesUV => points in sheet coordinate system (x0,y0,x1,y1,x2,y2, ...)
triangles  => sprite triangulation, 3 vertex indices per triangle
-->
<TextureAtlas imagePath="Ninja_Attack.png" width="1590" height="172">
    <sprite n="Attack__000.png" x="1" y="1" w="157" h="170" pX="0.5" pY="0.5"/>
    <sprite n="Attack__001.png" x="160" y="1" w="157" h="170" pX="0.5" pY="0.5"/>
    <sprite n="Attack__002.png" x="319" y="1" w="157" h="170" pX="0.5" pY="0.5"/>
    <sprite n="Attack__003.png" x="478" y="1" w="157" h="170" pX="0.5" pY="0.5"/>
    <sprite n="Attack__004.png" x="637" y="1" w="157" h="170" pX="0.5" pY="0.5"/>
    <sprite n="Attack__005.png" x="796" y="1" w="157" h="170" pX="0.5" pY="0.5"/>
    <sprite n="Attack__006.png" x="955" y="1" w="157" h="170" pX="0.5" pY="0.5"/>
    <sprite n="Attack__007.png" x="1114" y="1" w="157" h="170" pX="0.5" pY="0.5"/>
    <sprite n="Attack__008.png" x="1273" y="1" w="157" h="170" pX="0.5" pY="0.5"/>
    <sprite n="Attack__009.png" x="1432" y="1" w="157" h="170" pX="0.5" pY="0.5"/>
</TextureAtlas>
