<?xml version="1.0" encoding="UTF-8"?>
<!-- Created with TexturePacker http://www.codeandweb.com/texturepacker-->
<!-- $TexturePacker:SmartUpdate:d364a624ca7863f989efa8452771f999:8ed8054a9c077a1708a11a1603028883:1d46e33ec8aa85dc1879cd94cb9f24cf$ -->
<!--Format:
n  => name of the sprite
x  => sprite x pos in texture
y  => sprite y pos in texture
w  => sprite width (may be trimmed)
h  => sprite height (may be trimmed)
pX => x pos of the pivot point (relative to sprite width)
pY => y pos of the pivot point (relative to sprite height)
oX => sprite's x-corner offset (only available if trimmed)
oY => sprite's y-corner offset (only available if trimmed)
oW => sprite's original width (only available if trimmed)
oH => sprite's original height (only available if trimmed)
r => 'y' only set if sprite is rotated
with polygon mode enabled:
vertices   => points in sprite coordinate system (x0,y0,x1,y1,x2,y2, ...)
verticesUV => points in sheet coordinate system (x0,y0,x1,y1,x2,y2, ...)
triangles  => sprite triangulation, 3 vertex indices per triangle
-->
<TextureAtlas imagePath="Ninja_Jump.png" width="122" height="1650">
    <sprite n="Jump__000.png" x="1" y="1" w="120" h="163" pX="0.5" pY="0.5"/>
    <sprite n="Jump__001.png" x="1" y="166" w="120" h="163" pX="0.5" pY="0.5"/>
    <sprite n="Jump__002.png" x="1" y="331" w="120" h="163" pX="0.5" pY="0.5"/>
    <sprite n="Jump__003.png" x="1" y="496" w="120" h="163" pX="0.5" pY="0.5"/>
    <sprite n="Jump__004.png" x="1" y="661" w="120" h="163" pX="0.5" pY="0.5"/>
    <sprite n="Jump__005.png" x="1" y="826" w="120" h="163" pX="0.5" pY="0.5"/>
    <sprite n="Jump__006.png" x="1" y="991" w="120" h="163" pX="0.5" pY="0.5"/>
    <sprite n="Jump__007.png" x="1" y="1156" w="120" h="163" pX="0.5" pY="0.5"/>
    <sprite n="Jump__008.png" x="1" y="1321" w="120" h="163" pX="0.5" pY="0.5"/>
    <sprite n="Jump__009.png" x="1" y="1486" w="120" h="163" pX="0.5" pY="0.5"/>
</TextureAtlas>
