<?xml version="1.0" encoding="UTF-8"?>
<!-- Created with TexturePacker http://www.codeandweb.com/texturepacker-->
<!-- $TexturePacker:SmartUpdate:f75a73dcddb07bbfd2c15870146e1357:2e2d41434539d1e6e296d2abfa0a6911:8946dd9e9a291690237c9c2ea6e32ada$ -->
<!--Format:
n  => name of the sprite
x  => sprite x pos in texture
y  => sprite y pos in texture
w  => sprite width (may be trimmed)
h  => sprite height (may be trimmed)
pX => x pos of the pivot point (relative to sprite width)
pY => y pos of the pivot point (relative to sprite height)
oX => sprite's x-corner offset (only available if trimmed)
oY => sprite's y-corner offset (only available if trimmed)
oW => sprite's original width (only available if trimmed)
oH => sprite's original height (only available if trimmed)
r => 'y' only set if sprite is rotated
with polygon mode enabled:
vertices   => points in sprite coordinate system (x0,y0,x1,y1,x2,y2, ...)
verticesUV => points in sheet coordinate system (x0,y0,x1,y1,x2,y2, ...)
triangles  => sprite triangulation, 3 vertex indices per triangle
-->
<TextureAtlas imagePath="Ninja_Throw.png" width="117" height="1560">
    <sprite n="Throw__000.png" x="1" y="1" w="115" h="154" pX="0.5" pY="0.5"/>
    <sprite n="Throw__001.png" x="1" y="157" w="115" h="154" pX="0.5" pY="0.5"/>
    <sprite n="Throw__002.png" x="1" y="313" w="115" h="154" pX="0.5" pY="0.5"/>
    <sprite n="Throw__003.png" x="1" y="469" w="115" h="154" pX="0.5" pY="0.5"/>
    <sprite n="Throw__004.png" x="1" y="625" w="115" h="154" pX="0.5" pY="0.5"/>
    <sprite n="Throw__005.png" x="1" y="781" w="115" h="154" pX="0.5" pY="0.5"/>
    <sprite n="Throw__006.png" x="1" y="937" w="115" h="154" pX="0.5" pY="0.5"/>
    <sprite n="Throw__007.png" x="1" y="1093" w="115" h="154" pX="0.5" pY="0.5"/>
    <sprite n="Throw__008.png" x="1" y="1249" w="115" h="154" pX="0.5" pY="0.5"/>
    <sprite n="Throw__009.png" x="1" y="1405" w="115" h="154" pX="0.5" pY="0.5"/>
</TextureAtlas>
