<?xml version="1.0" encoding="UTF-8"?>
<!-- Created with TexturePacker http://www.codeandweb.com/texturepacker-->
<!-- $TexturePacker:SmartUpdate:cda9eac5c8710bf1da2682356e1944d3:a6b325d632ccc90810edb948aa354b0a:d0e287e44b3e97f9415c1a1c264e9d04$ -->
<!--Format:
n  => name of the sprite
x  => sprite x pos in texture
y  => sprite y pos in texture
w  => sprite width (may be trimmed)
h  => sprite height (may be trimmed)
pX => x pos of the pivot point (relative to sprite width)
pY => y pos of the pivot point (relative to sprite height)
oX => sprite's x-corner offset (only available if trimmed)
oY => sprite's y-corner offset (only available if trimmed)
oW => sprite's original width (only available if trimmed)
oH => sprite's original height (only available if trimmed)
r => 'y' only set if sprite is rotated
with polygon mode enabled:
vertices   => points in sprite coordinate system (x0,y0,x1,y1,x2,y2, ...)
verticesUV => points in sheet coordinate system (x0,y0,x1,y1,x2,y2, ...)
triangles  => sprite triangulation, 3 vertex indices per triangle
-->
<TextureAtlas imagePath="Ninja_Idle.png" width="89" height="1520">
    <sprite n="Idle__000.png" x="1" y="1" w="87" h="150" pX="0.5" pY="0.5"/>
    <sprite n="Idle__001.png" x="1" y="153" w="87" h="150" pX="0.5" pY="0.5"/>
    <sprite n="Idle__002.png" x="1" y="305" w="87" h="150" pX="0.5" pY="0.5"/>
    <sprite n="Idle__003.png" x="1" y="457" w="87" h="150" pX="0.5" pY="0.5"/>
    <sprite n="Idle__004.png" x="1" y="609" w="87" h="150" pX="0.5" pY="0.5"/>
    <sprite n="Idle__005.png" x="1" y="761" w="87" h="150" pX="0.5" pY="0.5"/>
    <sprite n="Idle__006.png" x="1" y="913" w="87" h="150" pX="0.5" pY="0.5"/>
    <sprite n="Idle__007.png" x="1" y="1065" w="87" h="150" pX="0.5" pY="0.5"/>
    <sprite n="Idle__008.png" x="1" y="1217" w="87" h="150" pX="0.5" pY="0.5"/>
    <sprite n="Idle__009.png" x="1" y="1369" w="87" h="150" pX="0.5" pY="0.5"/>
</TextureAtlas>
